Link sản phẩm,Link hình ảnh,Tên sản phẩm,Giá,Thể loại,Loại sách,Kích thước,Số trang,Tác giả,Dịch giả,NXB,NPH,Barcode,Description
https://nhasachphuongnam.com/vi/vo-tap-to-net-co-ban-5-6t.html,,Vở Tập Tô nét Cơ Bản  5-6T,11000,None,None,None,None,None,None,None,None,893604659940,
https://nhasachphuongnam.com/vi/vo-be-lam-quen-voi-toan-4-5t.html,,VO BE LAM QUEN VOI TOAN 4-5T,11000,None,None,None,None,None,None,None,None,893604659931,
https://nhasachphuongnam.com/vi/cung-em-vao-lop-1-vo-tap-to-chu-tap-1.html,,CUNG EM VAO LOP 1-VO TAP TO CHU TAP 1,10000,None,None,None,None,None,None,None,None,978604328062,
https://nhasachphuongnam.com/vi/cung-em-vao-lop-1-vo-tap-to-chu-t2.html,,CUNG EM VAO LOP 1-VO TAP TO CHU T2,10000,None,None,None,None,None,None,None,None,978604899529,
https://nhasachphuongnam.com/vi/vo-tap-to-chu-t1.html,,VO TAP TO CHU T1,11000,None,None,None,None,None,None,None,None,893604659933,
https://nhasachphuongnam.com/vi/cong-chua-ngoc-trai-ghep-hinh.html,,CONG CHUA NGOC TRAI-GHEP HINH,22000,None,None,None,None,None,None,None,None,893521023651,
https://nhasachphuongnam.com/vi/vo-tap-to-chu-tap-2-danh-cho-be-4-5-tuoi-mai-em-vao-lop-1.html,https://nhasachphuongnam.com/images/thumbnails/213/213/detailed/219/1_e9wk-03.jpg,Vở Tập Tô Chữ Tập 2 - Dành Cho Bé 4-5 tuổi - Mai Em Vào Lớp 1,11000,"Tô chữ, luyện chữ, học số, làm toán",Cuốn,None,None,None,None,None,None,893523640294,Vở Tập Tô Chữ Tập 2 - Dành Cho Bé 4-5 tuổi - Mai Em Vào Lớp 1     
https://nhasachphuongnam.com/vi/tap-to-chu-tap-2-vi.html,,Tập Tô Chữ Tập 2,11000,"Tô chữ, luyện chữ, học số, làm toán",Cuốn,None,None,None,None,None,None,893606760152,
https://nhasachphuongnam.com/vi/be-tap-to-chu-thuong-hanh-trang-cho-be-vao-lop-1.html,https://nhasachphuongnam.com/images/thumbnails/213/213/detailed/219/1_j7o9-4v.jpg,Bé Tập Tô Chữ Thường - Hành Trang Cho Bé Vào Lớp 1,10000,"Tô chữ, luyện chữ, học số, làm toán",Bìa mềm,None,None,None,None,None,None,893521021827,Bé Tập Tô Chữ Thường - Hành Trang Cho Bé Vào Lớp 1     
https://nhasachphuongnam.com/vi/be-tap-to-chu-viet-thuong-danh-cho-be-4-5-tuoi.html,https://nhasachphuongnam.com/images/thumbnails/213/213/detailed/219/1_3gyc-g5.jpg,Bé Tập Tô Chữ Viết Thường - Dành Cho Bé 4-5 tuổi,8000,"Tô chữ, luyện chữ, học số, làm toán",Bìa mềm,None,None,None,None,None,None,893606759938,Bé Tập Tô Chữ Viết Thường - Dành Cho Bé 4-5 tuổi     
https://nhasachphuongnam.com/vi/be-tap-doc-va-to-chu-cai-hanh-trang-cho-be-vao-lop-1.html,https://nhasachphuongnam.com/images/thumbnails/213/213/detailed/219/1_ovii-tp.jpg,Bé Tập Đọc Và Tô Chữ Cái - Hành Trang Cho Bé Vào Lớp 1,10000,"Tô chữ, luyện chữ, học số, làm toán",Cuốn,None,None,Vân Hương,None,NXB Mỹ Thuật,None,893521021824,Bé Tập Đọc Và Tô Chữ Cái - Hành Trang Cho Bé Vào Lớp 1     
https://nhasachphuongnam.com/vi/vo-be-lam-quen-voi-chu-cai-4-5t.html,https://nhasachphuongnam.com/images/thumbnails/213/213/detailed/219/1_s1mi-xq.jpg,Vở Bé Làm Quen Với Chữ Cái 4-5t,11000,"Tô chữ, luyện chữ, học số, làm toán",Bìa mềm,None,None,Lê Tuệ Minh,None,NXB Đại Học Sư Phạm,None,893604659923,
https://nhasachphuongnam.com/vi/be-tap-to-va-tap-viet-tap-2-be-vao-lop-1.html,https://nhasachphuongnam.com/images/thumbnails/213/213/detailed/219/1_x9q5-j1.jpg,Bé Tập Tô Và Tập Viết Tập 2 - Bé Vào Lớp 1,10000,"Tô chữ, luyện chữ, học số, làm toán",Cuốn,None,None,"Lê Tuệ Minh, Lê Thu Ngọc",None,NXB Đại Học Sư Phạm,None,893606759926,
https://nhasachphuongnam.com/vi/to-mau-cong-chua-cong-chua-toc-dai-vi.html,https://nhasachphuongnam.com/images/thumbnails/213/213/detailed/219/to-mau-cong-chua-cong-chua-toc-dai.jpg,Tô Màu Công Chúa - Công Chúa Tóc Dài,14000,Thiếu Nhi,Bìa mềm,19 x 27 cm,16,Thùy Nguyễn,None,NXB Hồng Đức,Trí Việt,978604893653,"Việc tô vẽ sẽ đưa trẻ đến thế giới của trí tưởng tượng và cho chúng cơ hội để thể hiện bảnthân mình. Tô vẽ khiến trẻ cần phải có một bàn tay chắc chắn và dẻo dai để điều khiển nhữngđường nét của các bức vẽ. Tô vẽ giúp phát triển sự kết hợp hài hòa giữa tay và mắt ở trẻ. Như một sự ưu ái cho các bé gái, bộ: Tô màu công chúa, gồm 5 cuốn: Công chúa nhí nhảnh, Công chúa tóc dài, Công chúa đáng yêu, Công chúa mộng mơ, Công chúa mắt nai - với hình ảnh sinh động, ưa nhìn, màu sắc tươi sáng dễ cho việc tô vẽ, bộ sách sẽ đem đến cho các bé bước vào thế giới màu sắc đầy thú vị và những khoảnh khắc tươi vui. "
https://nhasachphuongnam.com/vi/mai-em-vao-lop-1-vo-be-lam-quen-voi-chu-cai.html,https://nhasachphuongnam.com/images/thumbnails/213/213/detailed/219/1_z014-pg.jpg,Mai Em Vào Lớp 1 - Vở Bé Làm Quen Với Chữ Cái,11000,"Tô chữ, luyện chữ, học số, làm toán",Bìa mềm,None,None,None,None,NXB Đại Học Sư Phạm,None,893604659926,
https://nhasachphuongnam.com/vi/mai-em-vao-lop-1-vo-be-lam-quen-voi-toan.html,https://nhasachphuongnam.com/images/thumbnails/213/213/detailed/219/1_2081-9l.jpg,Mai Em Vào Lớp 1 - Vở Bé Làm Quen Với Toán,11000,"Tô chữ, luyện chữ, học số, làm toán",Bìa mềm,None,None,None,None,NXB Đại Học Sư Phạm,None,893606760125,
https://nhasachphuongnam.com/vi/hanh-trang-be-vao-lop-1-vo-be-hoc-tieng-viet.html,https://nhasachphuongnam.com/images/thumbnails/213/213/detailed/219/1_nnu6-v5.jpg,Hành Trang Bé Vào Lớp 1 - Vở Bé Học Tiếng Việt,15000,"Tô chữ, luyện chữ, học số, làm toán",Bìa mềm,None,None,None,None,NXB Đại Học Sư Phạm,None,893606759891,
https://nhasachphuongnam.com/vi/hanh-trang-be-vao-lop-1-vo-be-hoc-tieng-viet-quyen-1.html,https://nhasachphuongnam.com/images/thumbnails/213/213/detailed/219/1_ptte-fs.jpg,Hành Trang Bé Vào Lớp 1 - Vở Bé Học Tiếng Việt (Quyển 1),15000,"Tô chữ, luyện chữ, học số, làm toán",Bìa mềm,None,None,None,None,NXB Đại Học Sư Phạm,None,893606759908,
https://nhasachphuongnam.com/vi/mai-em-vao-lop-1-vo-tap-to-chu.html,https://nhasachphuongnam.com/images/thumbnails/213/213/detailed/219/1_q4j7-jo.jpg,Mai Em Vào Lớp 1 - Vở Tập Tô Chữ,11000,"Tô chữ, luyện chữ, học số, làm toán",Bìa mềm,None,None,None,None,NXB Đại Học Sư Phạm,None,893604659939,
https://nhasachphuongnam.com/vi/to-mau-cong-chua-cong-chua-phuong-tay-vi.html,https://nhasachphuongnam.com/images/thumbnails/213/213/detailed/219/1_c52j-sh.jpg,Tô Màu Công Chúa - Công Chúa Phương Tây,32000,Tô màu - Cắt dán hình,Bìa mềm,None,None,Changjiang,None,NXB Phụ Nữ,None,893604995540,
https://nhasachphuongnam.com/vi/to-mau-cong-chua-cong-chua-phu-dung-vi.html,https://nhasachphuongnam.com/images/thumbnails/213/213/detailed/219/1_7a4g-28.jpg,Tô Màu Công Chúa - Công Chúa Phù Dung,32000,Tô màu - Cắt dán hình,Bìa mềm,None,None,Changjiang,None,NXB Phụ Nữ,None,893604995544,
https://nhasachphuongnam.com/vi/to-mau-cong-chua-nho-cong-chua-mong-mo.html,https://nhasachphuongnam.com/images/thumbnails/213/213/detailed/219/1_ic4e-5i.jpg,Tô Màu Công Chúa Nhỏ - Công Chúa Mộng Mơ,32000,Tô màu - Cắt dán hình,Bìa mềm,None,None,Changjiang,None,NXB Phụ Nữ,None,893604995543,
https://nhasachphuongnam.com/vi/doraemon-truyen-dai-tap-1.html,https://nhasachphuongnam.com/images/thumbnails/213/213/detailed/219/t%E1%BA%A3i_xu%E1%BB%91ng_u37q-43.jpg,DORAEMON TRUYỆN DÀI - TẬP 1,18000,None,None,None,None,None,None,None,None,893524481409,
https://nhasachphuongnam.com/vi/em-tap-viet-dung-viet-dep-lop-4-tap-1-vi.html,https://nhasachphuongnam.com/images/thumbnails/213/213/detailed/219/1_jqti-hi.jpg,"Em Tập Viết Đúng, Viết Đẹp - Lớp 4 Tập 1",13000,None,Bìa mềm,15.6x20.5x0.4 cm,48,Lê Ngọc DiệpMai Xuân Phan,None,NXB Giáo Dục,None,201200400578,
https://nhasachphuongnam.com/vi/vo-tap-to-net-co-ban-5-6t.html,,Vở Tập Tô nét Cơ Bản  5-6T,11000,None,None,None,None,None,None,None,None,893604659940,
https://nhasachphuongnam.com/vi/vo-be-lam-quen-voi-toan-4-5t.html,,VO BE LAM QUEN VOI TOAN 4-5T,11000,None,None,None,None,None,None,None,None,893604659931,
https://nhasachphuongnam.com/vi/cung-em-vao-lop-1-vo-tap-to-chu-tap-1.html,,CUNG EM VAO LOP 1-VO TAP TO CHU TAP 1,10000,None,None,None,None,None,None,None,None,978604328062,
https://nhasachphuongnam.com/vi/cung-em-vao-lop-1-vo-tap-to-chu-t2.html,,CUNG EM VAO LOP 1-VO TAP TO CHU T2,10000,None,None,None,None,None,None,None,None,978604899529,
https://nhasachphuongnam.com/vi/vo-tap-to-chu-t1.html,,VO TAP TO CHU T1,11000,None,None,None,None,None,None,None,None,893604659933,
https://nhasachphuongnam.com/vi/cong-chua-ngoc-trai-ghep-hinh.html,,CONG CHUA NGOC TRAI-GHEP HINH,22000,None,None,None,None,None,None,None,None,893521023651,
https://nhasachphuongnam.com/vi/vo-tap-to-chu-tap-2-danh-cho-be-4-5-tuoi-mai-em-vao-lop-1.html,https://nhasachphuongnam.com/images/thumbnails/213/213/detailed/219/1_e9wk-03.jpg,Vở Tập Tô Chữ Tập 2 - Dành Cho Bé 4-5 tuổi - Mai Em Vào Lớp 1,11000,"Tô chữ, luyện chữ, học số, làm toán",Cuốn,None,None,None,None,None,None,893523640294,Vở Tập Tô Chữ Tập 2 - Dành Cho Bé 4-5 tuổi - Mai Em Vào Lớp 1     
https://nhasachphuongnam.com/vi/tap-to-chu-tap-2-vi.html,,Tập Tô Chữ Tập 2,11000,"Tô chữ, luyện chữ, học số, làm toán",Cuốn,None,None,None,None,None,None,893606760152,
https://nhasachphuongnam.com/vi/be-tap-to-chu-thuong-hanh-trang-cho-be-vao-lop-1.html,https://nhasachphuongnam.com/images/thumbnails/213/213/detailed/219/1_j7o9-4v.jpg,Bé Tập Tô Chữ Thường - Hành Trang Cho Bé Vào Lớp 1,10000,"Tô chữ, luyện chữ, học số, làm toán",Bìa mềm,None,None,None,None,None,None,893521021827,Bé Tập Tô Chữ Thường - Hành Trang Cho Bé Vào Lớp 1     
https://nhasachphuongnam.com/vi/be-tap-to-chu-viet-thuong-danh-cho-be-4-5-tuoi.html,https://nhasachphuongnam.com/images/thumbnails/213/213/detailed/219/1_3gyc-g5.jpg,Bé Tập Tô Chữ Viết Thường - Dành Cho Bé 4-5 tuổi,8000,"Tô chữ, luyện chữ, học số, làm toán",Bìa mềm,None,None,None,None,None,None,893606759938,Bé Tập Tô Chữ Viết Thường - Dành Cho Bé 4-5 tuổi     
https://nhasachphuongnam.com/vi/be-tap-doc-va-to-chu-cai-hanh-trang-cho-be-vao-lop-1.html,https://nhasachphuongnam.com/images/thumbnails/213/213/detailed/219/1_ovii-tp.jpg,Bé Tập Đọc Và Tô Chữ Cái - Hành Trang Cho Bé Vào Lớp 1,10000,"Tô chữ, luyện chữ, học số, làm toán",Cuốn,None,None,Vân Hương,None,NXB Mỹ Thuật,None,893521021824,Bé Tập Đọc Và Tô Chữ Cái - Hành Trang Cho Bé Vào Lớp 1     
https://nhasachphuongnam.com/vi/vo-be-lam-quen-voi-chu-cai-4-5t.html,https://nhasachphuongnam.com/images/thumbnails/213/213/detailed/219/1_s1mi-xq.jpg,Vở Bé Làm Quen Với Chữ Cái 4-5t,11000,"Tô chữ, luyện chữ, học số, làm toán",Bìa mềm,None,None,Lê Tuệ Minh,None,NXB Đại Học Sư Phạm,None,893604659923,
https://nhasachphuongnam.com/vi/be-tap-to-va-tap-viet-tap-2-be-vao-lop-1.html,https://nhasachphuongnam.com/images/thumbnails/213/213/detailed/219/1_x9q5-j1.jpg,Bé Tập Tô Và Tập Viết Tập 2 - Bé Vào Lớp 1,10000,"Tô chữ, luyện chữ, học số, làm toán",Cuốn,None,None,"Lê Tuệ Minh, Lê Thu Ngọc",None,NXB Đại Học Sư Phạm,None,893606759926,
https://nhasachphuongnam.com/vi/to-mau-cong-chua-cong-chua-toc-dai-vi.html,https://nhasachphuongnam.com/images/thumbnails/213/213/detailed/219/to-mau-cong-chua-cong-chua-toc-dai.jpg,Tô Màu Công Chúa - Công Chúa Tóc Dài,14000,Thiếu Nhi,Bìa mềm,19 x 27 cm,16,Thùy Nguyễn,None,NXB Hồng Đức,Trí Việt,978604893653,"Việc tô vẽ sẽ đưa trẻ đến thế giới của trí tưởng tượng và cho chúng cơ hội để thể hiện bảnthân mình. Tô vẽ khiến trẻ cần phải có một bàn tay chắc chắn và dẻo dai để điều khiển nhữngđường nét của các bức vẽ. Tô vẽ giúp phát triển sự kết hợp hài hòa giữa tay và mắt ở trẻ. Như một sự ưu ái cho các bé gái, bộ: Tô màu công chúa, gồm 5 cuốn: Công chúa nhí nhảnh, Công chúa tóc dài, Công chúa đáng yêu, Công chúa mộng mơ, Công chúa mắt nai - với hình ảnh sinh động, ưa nhìn, màu sắc tươi sáng dễ cho việc tô vẽ, bộ sách sẽ đem đến cho các bé bước vào thế giới màu sắc đầy thú vị và những khoảnh khắc tươi vui. "
https://nhasachphuongnam.com/vi/mai-em-vao-lop-1-vo-be-lam-quen-voi-chu-cai.html,https://nhasachphuongnam.com/images/thumbnails/213/213/detailed/219/1_z014-pg.jpg,Mai Em Vào Lớp 1 - Vở Bé Làm Quen Với Chữ Cái,11000,"Tô chữ, luyện chữ, học số, làm toán",Bìa mềm,None,None,None,None,NXB Đại Học Sư Phạm,None,893604659926,
https://nhasachphuongnam.com/vi/mai-em-vao-lop-1-vo-be-lam-quen-voi-toan.html,https://nhasachphuongnam.com/images/thumbnails/213/213/detailed/219/1_2081-9l.jpg,Mai Em Vào Lớp 1 - Vở Bé Làm Quen Với Toán,11000,"Tô chữ, luyện chữ, học số, làm toán",Bìa mềm,None,None,None,None,NXB Đại Học Sư Phạm,None,893606760125,
https://nhasachphuongnam.com/vi/hanh-trang-be-vao-lop-1-vo-be-hoc-tieng-viet.html,https://nhasachphuongnam.com/images/thumbnails/213/213/detailed/219/1_nnu6-v5.jpg,Hành Trang Bé Vào Lớp 1 - Vở Bé Học Tiếng Việt,15000,"Tô chữ, luyện chữ, học số, làm toán",Bìa mềm,None,None,None,None,NXB Đại Học Sư Phạm,None,893606759891,
https://nhasachphuongnam.com/vi/hanh-trang-be-vao-lop-1-vo-be-hoc-tieng-viet-quyen-1.html,https://nhasachphuongnam.com/images/thumbnails/213/213/detailed/219/1_ptte-fs.jpg,Hành Trang Bé Vào Lớp 1 - Vở Bé Học Tiếng Việt (Quyển 1),15000,"Tô chữ, luyện chữ, học số, làm toán",Bìa mềm,None,None,None,None,NXB Đại Học Sư Phạm,None,893606759908,
https://nhasachphuongnam.com/vi/mai-em-vao-lop-1-vo-tap-to-chu.html,https://nhasachphuongnam.com/images/thumbnails/213/213/detailed/219/1_q4j7-jo.jpg,Mai Em Vào Lớp 1 - Vở Tập Tô Chữ,11000,"Tô chữ, luyện chữ, học số, làm toán",Bìa mềm,None,None,None,None,NXB Đại Học Sư Phạm,None,893604659939,
https://nhasachphuongnam.com/vi/to-mau-cong-chua-cong-chua-phuong-tay-vi.html,https://nhasachphuongnam.com/images/thumbnails/213/213/detailed/219/1_c52j-sh.jpg,Tô Màu Công Chúa - Công Chúa Phương Tây,32000,Tô màu - Cắt dán hình,Bìa mềm,None,None,Changjiang,None,NXB Phụ Nữ,None,893604995540,
https://nhasachphuongnam.com/vi/to-mau-cong-chua-cong-chua-phu-dung-vi.html,https://nhasachphuongnam.com/images/thumbnails/213/213/detailed/219/1_7a4g-28.jpg,Tô Màu Công Chúa - Công Chúa Phù Dung,32000,Tô màu - Cắt dán hình,Bìa mềm,None,None,Changjiang,None,NXB Phụ Nữ,None,893604995544,
https://nhasachphuongnam.com/vi/to-mau-cong-chua-nho-cong-chua-mong-mo.html,https://nhasachphuongnam.com/images/thumbnails/213/213/detailed/219/1_ic4e-5i.jpg,Tô Màu Công Chúa Nhỏ - Công Chúa Mộng Mơ,32000,Tô màu - Cắt dán hình,Bìa mềm,None,None,Changjiang,None,NXB Phụ Nữ,None,893604995543,
https://nhasachphuongnam.com/vi/doraemon-truyen-dai-tap-1.html,https://nhasachphuongnam.com/images/thumbnails/213/213/detailed/219/t%E1%BA%A3i_xu%E1%BB%91ng_u37q-43.jpg,DORAEMON TRUYỆN DÀI - TẬP 1,18000,None,None,None,None,None,None,None,None,893524481409,
https://nhasachphuongnam.com/vi/em-tap-viet-dung-viet-dep-lop-4-tap-1-vi.html,https://nhasachphuongnam.com/images/thumbnails/213/213/detailed/219/1_jqti-hi.jpg,"Em Tập Viết Đúng, Viết Đẹp - Lớp 4 Tập 1",13000,None,Bìa mềm,15.6x20.5x0.4 cm,48,Lê Ngọc DiệpMai Xuân Phan,None,NXB Giáo Dục,None,201200400578,
https://nhasachphuongnam.com/vi/doraemon-truyen-ngan-tap-2.html,https://nhasachphuongnam.com/images/thumbnails/213/213/detailed/219/image_178451.jpg,Doraemon Truyện Ngắn - Tập 2,18000,None,None,None,None,None,None,None,None,893524481365,
https://nhasachphuongnam.com/vi/be-yeu-to-mau-phuong-tien-giao-thong-vi.html,https://nhasachphuongnam.com/images/thumbnails/213/213/detailed/218/Capture_zsd1-mh.PNG,Bé Yêu Tô Màu - Phương Tiện Giao Thông,10000,None,None,None,None,None,None,None,None,978604893501,
https://nhasachphuongnam.com/vi/be-to-mau-and-lam-quen-voi-moi-truong-vat-nuoi.html,https://nhasachphuongnam.com/images/thumbnails/213/213/detailed/218/image_195509_1_8728.jpg,Bé Tô Màu & Làm Quen Với Môi Trường - Vật Nuôi,12000,None,None,None,None,None,None,None,None,893521022953,
https://nhasachphuongnam.com/vi/be-to-mau-va-lam-quen-voi-moi-truong-trai-cay.html,https://nhasachphuongnam.com/images/thumbnails/213/213/detailed/218/8935210229502.jpg,Bé Tô Màu Và Làm Quen Với Môi Trường - Trái Cây,12000,None,None,None,None,None,None,None,None,893521022950,
https://nhasachphuongnam.com/vi/dan-hinh-sang-tao-trang-phuc-bup-be-nhung-nang-cong-chua.html,https://nhasachphuongnam.com/images/thumbnails/213/213/detailed/216/1_ooht-54.jpg,Dán Hình Sáng Tạo Trang Phục Búp Bê - Những Nàng Công Chúa,69000,Tô màu - Cắt dán hình,Bìa mềm,23.8 x 30.5 cm,24,Nhiều Tác Giả,None,NXB Thanh Niên,None,893521232140,
https://nhasachphuongnam.com/vi/truyen-co-tich-viet-nam-chon-loc-vi-5.html,https://nhasachphuongnam.com/images/thumbnails/213/213/detailed/215/hinh.jpg,Truyện Cổ Tích Việt Nam Chọn Lọc,148000,Truyện cổ tích - Ngụ ngôn,Cuốn,17x24x2 cm,247,None,None,NXB Văn Học,None,978604699933,
https://nhasachphuongnam.com/vi/be-tap-to-mau-vat-nuoi.html,https://nhasachphuongnam.com/images/thumbnails/213/213/detailed/214/be-tap-to-mau-vat-nuoi.jpg,Bé Tập Tô Màu - Vật Nuôi,15000,Thiếu Nhi,Bìa mềm,19 x 27 cm,16,Thùy Linh,None,NXB Hồng Đức,Trí Việt,978604328687,"Một trong những điều kích thích trí tưởng tượng cho trẻ bắt nguồn từ những màu sắc đa dạng. Màu sắc trong tô vẽ, giúp trẻ hoàn thiện nhiều kỹ năng cơ bản để phát triển. Tô vẽ khiến trẻ cần phải có một bàn tay chắc chắn và dẻo dai để điều khiển những đường nét của các bức vẽ. Tô vẽ giúp phát triển sự kết hợp hài hòa giữa tay và mắt ở trẻ. Màu sắc đa dạng, hình ảnh sắc nét, chủ đề đa dạng, được chọn lựa kỹ càng, bộ Bé Tập Tô Màu đem đến cho người tô hình ảnh đẹp mắt, tươi vui. "
https://nhasachphuongnam.com/vi/be-tap-to-mau-phuong-tien-giao-thong-duong-bo.html,https://nhasachphuongnam.com/images/thumbnails/213/213/detailed/214/be-tap-to-mau-phuong-tien-giao-thong-duong-bo.jpg,Bé Tập Tô Màu - Phương Tiện Giao Thông Đường Bộ,15000,Thiếu Nhi,Bìa mềm,19 x 27 cm,16,Thùy Linh,None,NXB Hồng Đức,Trí Việt,978604328685,"Một trong những điều kích thích trí tưởng tượng cho trẻ bắt nguồn từ những màu sắc đa dạng. Màu sắc trong tô vẽ, giúp trẻ hoàn thiện nhiều kỹ năng cơ bản để phát triển. Tô vẽ khiến trẻ cần phải có một bàn tay chắc chắn và dẻo dai để điều khiển những đường nét của các bức vẽ. Tô vẽ giúp phát triển sự kết hợp hài hòa giữa tay và mắt ở trẻ. Màu sắc đa dạng, hình ảnh sắc nét, chủ đề đa dạng, được chọn lựa kỹ càng, bộ Bé Tập Tô Màu đem đến cho người tô hình ảnh đẹp mắt, tươi vui. "
https://nhasachphuongnam.com/vi/be-tap-to-mau-nghe-nghiep.html,https://nhasachphuongnam.com/images/thumbnails/213/213/detailed/214/be-tap-to-mau-nghe-nghiep.jpg,Bé Tập Tô Màu - Nghề Nghiệp,15000,Thiếu Nhi,Bìa mềm,19 x 27 cm,16,Thùy Linh,None,NXB Hồng Đức,Trí Việt,978604328684,"Một trong những điều kích thích trí tưởng tượng cho trẻ bắt nguồn từ những màu sắc đa dạng. Màu sắc trong tô vẽ, giúp trẻ hoàn thiện nhiều kỹ năng cơ bản để phát triển. Tô vẽ khiến trẻ cần phải có một bàn tay chắc chắn và dẻo dai để điều khiển những đường nét của các bức vẽ. Tô vẽ giúp phát triển sự kết hợp hài hòa giữa tay và mắt ở trẻ. Màu sắc đa dạng, hình ảnh sắc nét, chủ đề đa dạng, được chọn lựa kỹ càng, bộ Bé Tập Tô Màu đem đến cho người tô hình ảnh đẹp mắt, tươi vui. "
https://nhasachphuongnam.com/vi/be-tap-to-mau-khung-long.html,https://nhasachphuongnam.com/images/thumbnails/213/213/detailed/214/be-tap-to-mau-khung-long.jpg,Bé Tập Tô Màu - Khủng Long,15000,Thiếu Nhi,Bìa mềm,19 x 27 cm,16,Thùy Linh,None,NXB Hồng Đức,Trí Việt,978604328683,"Một trong những điều kích thích trí tưởng tượng cho trẻ bắt nguồn từ những màu sắc đa dạng. Màu sắc trong tô vẽ, giúp trẻ hoàn thiện nhiều kỹ năng cơ bản để phát triển. Tô vẽ khiến trẻ cần phải có một bàn tay chắc chắn và dẻo dai để điều khiển những đường nét của các bức vẽ. Tô vẽ giúp phát triển sự kết hợp hài hòa giữa tay và mắt ở trẻ. Màu sắc đa dạng, hình ảnh sắc nét, chủ đề đa dạng, được chọn lựa kỹ càng, bộ Bé Tập Tô Màu đem đến cho người tô hình ảnh đẹp mắt, tươi vui. "
https://nhasachphuongnam.com/vi/be-tap-to-mau-cac-hoat-dong-vui-choi-cua-be.html,https://nhasachphuongnam.com/images/thumbnails/213/213/detailed/214/be-tap-to-mau-hoat-dong-vui-choi-cua-be.jpg,Bé Tập Tô Màu - Các Hoạt Động Vui Chơi Của Bé,15000,Thiếu Nhi,Bìa mềm,19 x 27 cm,16,Thùy Linh,None,NXB Hồng Đức,Trí Việt,978604328679,"Một trong những điều kích thích trí tưởng tượng cho trẻ bắt nguồn từ những màu sắc đa dạng. Màu sắc trong tô vẽ, giúp trẻ hoàn thiện nhiều kỹ năng cơ bản để phát triển. Tô vẽ khiến trẻ cần phải có một bàn tay chắc chắn và dẻo dai để điều khiển những đường nét của các bức vẽ. Tô vẽ giúp phát triển sự kết hợp hài hòa giữa tay và mắt ở trẻ. Màu sắc đa dạng, hình ảnh sắc nét, chủ đề đa dạng, được chọn lựa kỹ càng, bộ Bé Tập Tô Màu đem đến cho người tô hình ảnh đẹp mắt, tươi vui. "
https://nhasachphuongnam.com/vi/be-tap-to-mau-giao-thong-duong-thuy-va-hang-khong.html,https://nhasachphuongnam.com/images/thumbnails/213/213/detailed/214/be-tap-to-mau-giao-thong-duong-thuy-va-hang-khong.jpg,Bé Tập Tô Màu - Giao Thông Đường Thủy Và Hàng Không,15000,Thiếu Nhi,Bìa mềm,19 x 27 cm,16,Thùy Linh,None,NXB Hồng Đức,Trí Việt,978604328686,"Một trong những điều kích thích trí tưởng tượng cho trẻ bắt nguồn từ những màu sắc đa dạng. Màu sắc trong tô vẽ, giúp trẻ hoàn thiện nhiều kỹ năng cơ bản để phát triển. Tô vẽ khiến trẻ cần phải có một bàn tay chắc chắn và dẻo dai để điều khiển những đường nét của các bức vẽ. Tô vẽ giúp phát triển sự kết hợp hài hòa giữa tay và mắt ở trẻ. Màu sắc đa dạng, hình ảnh sắc nét, chủ đề đa dạng, được chọn lựa kỹ càng, bộ Bé Tập Tô Màu đem đến cho người tô hình ảnh đẹp mắt, tươi vui. "
https://nhasachphuongnam.com/vi/be-tap-to-mau-dong-vat-hoang-da.html,https://nhasachphuongnam.com/images/thumbnails/213/213/detailed/214/be-tap-to-mau-dong-vat-hoang-da.jpg,Bé Tập Tô Màu - Động Vật Hoang Dã,15000,Thiếu Nhi,Bìa mềm,19 x 27 cm,16,Thùy Linh,None,NXB Hồng Đức,Trí Việt,978604328682,"Một trong những điều kích thích trí tưởng tượng cho trẻ bắt nguồn từ những màu sắc đa dạng. Màu sắc trong tô vẽ, giúp trẻ hoàn thiện nhiều kỹ năng cơ bản để phát triển. Tô vẽ khiến trẻ cần phải có một bàn tay chắc chắn và dẻo dai để điều khiển những đường nét của các bức vẽ. Tô vẽ giúp phát triển sự kết hợp hài hòa giữa tay và mắt ở trẻ. Màu sắc đa dạng, hình ảnh sắc nét, chủ đề đa dạng, được chọn lựa kỹ càng, bộ Bé Tập Tô Màu đem đến cho người tô hình ảnh đẹp mắt, tươi vui. "
https://nhasachphuongnam.com/vi/be-tap-to-mau-dong-vat-duoi-nuoc.html,https://nhasachphuongnam.com/images/thumbnails/213/213/detailed/214/be-tap-to-mau-dong-vat-duoi-nuoc.jpg,Bé Tập Tô Màu - Động Vật Dưới Nước,15000,Thiếu Nhi,Bìa mềm,19 x 27 cm,16,Thùy Linh,None,NXB Hồng Đức,Trí Việt,978604328678,"Một trong những điều kích thích trí tưởng tượng cho trẻ bắt nguồn từ những màu sắc đa dạng. Màu sắc trong tô vẽ, giúp trẻ hoàn thiện nhiều kỹ năng cơ bản để phát triển. Tô vẽ khiến trẻ cần phải có một bàn tay chắc chắn và dẻo dai để điều khiển những đường nét của các bức vẽ. Tô vẽ giúp phát triển sự kết hợp hài hòa giữa tay và mắt ở trẻ. Màu sắc đa dạng, hình ảnh sắc nét, chủ đề đa dạng, được chọn lựa kỹ càng, bộ Bé Tập Tô Màu đem đến cho người tô hình ảnh đẹp mắt, tươi vui. "
https://nhasachphuongnam.com/vi/be-tap-to-mau-cu-qua.html,https://nhasachphuongnam.com/images/thumbnails/213/213/detailed/214/be-tap-to-mau-cu-qua.jpg,"Bé Tập Tô Màu - Củ, Quả",15000,Thiếu Nhi,Bìa mềm,19 x 27 cm,16,Thùy Linh,None,NXB Hồng Đức,Trí Việt,978604328681,"Một trong những điều kích thích trí tưởng tượng cho trẻ bắt nguồn từ những màu sắc đa dạng. Màu sắc trong tô vẽ, giúp trẻ hoàn thiện nhiều kỹ năng cơ bản để phát triển. Tô vẽ khiến trẻ cần phải có một bàn tay chắc chắn và dẻo dai để điều khiển những đường nét của các bức vẽ. Tô vẽ giúp phát triển sự kết hợp hài hòa giữa tay và mắt ở trẻ. Màu sắc đa dạng, hình ảnh sắc nét, chủ đề đa dạng, được chọn lựa kỹ càng, bộ Bé Tập Tô Màu đem đến cho người tô hình ảnh đẹp mắt, tươi vui. "
https://nhasachphuongnam.com/vi/be-tap-to-mau-cac-loai-chim.html,https://nhasachphuongnam.com/images/thumbnails/213/213/detailed/214/be-tap-to-mau-cac-loai-chim.jpg,Bé Tập Tô Màu - Các Loài Chim,15000,Thiếu Nhi,Bìa mềm,19 x 27 cm,16,Thùy Linh,None,NXB Hồng Đức,Trí Việt,978604328680,"Một trong những điều kích thích trí tưởng tượng cho trẻ bắt nguồn từ những màu sắc đa dạng. Màu sắc trong tô vẽ, giúp trẻ hoàn thiện nhiều kỹ năng cơ bản để phát triển. Tô vẽ khiến trẻ cần phải có một bàn tay chắc chắn và dẻo dai để điều khiển những đường nét của các bức vẽ. Tô vẽ giúp phát triển sự kết hợp hài hòa giữa tay và mắt ở trẻ. Màu sắc đa dạng, hình ảnh sắc nét, chủ đề đa dạng, được chọn lựa kỹ càng, bộ Bé Tập Tô Màu đem đến cho người tô hình ảnh đẹp mắt, tươi vui. "
https://nhasachphuongnam.com/vi/cao-thu-viet-lach-luyen-viet-ban-tin.html,https://nhasachphuongnam.com/images/thumbnails/213/213/detailed/214/cao-thu-viet-lach-luyen-viet-ban-tin.jpg,Cao Thủ Viết Lách - Luyện Viết Bản Tin,25000,Thiếu Nhi,Bìa mềm,17 x 22 cm,24,Cecilia MindenKate Roth,Quỳnh Liên,NXB Kim Đồng,None,893524485823,"Bạn yêu thích viết lách hay mỗi khi cầm bút lại thấy bí bách? Bạn múa bút thành văn hay băn khoăn mãi không truyền đạt nên lời về một chuyến phiêu lưu kì thú? Dù văn chương lai láng hay chán ngán vì bí từ, bạn sẽ vẫn tìm thấy trong bộ sách này đầy đủ bí kíp để rèn luyện và chinh phục mọi thử thách của việc viết lách!  Mời các bạn tìm đọc bộ sách CAO THỦ VIẾT LÁCH: -  Múa bút viết tiểu sử -  Tâm sự cùng nhật kí -  Xuất khẩu thành thơ -  Trổ tài viết đánh giá -  Tung chiêu quảng cáo -  Trổ tài viết phỏng vấn -  Tạo nhật kí đọc sách -  Thử sức với truyện tranh -  Sáng tác cổ tích -  Cải biên cổ tích -  Luyện viết bản tin -  Chinh phục thể loại du kí "
https://nhasachphuongnam.com/vi/cao-thu-viet-lach-sang-tac-co-tich.html,https://nhasachphuongnam.com/images/thumbnails/213/213/detailed/214/cao-thu-viet-lach-sang-tac-co-tich.jpg,Cao Thủ Viết Lách - Sáng Tác Cổ Tích,25000,Thiếu Nhi,Bìa mềm,17 x 22 cm,24,Cecilia MindenKate Roth,Quỳnh Liên,NXB Kim Đồng,None,893524485822,"Bạn yêu thích viết lách hay mỗi khi cầm bút lại thấy bí bách? Bạn múa bút thành văn hay băn khoăn mãi không truyền đạt nên lời về một chuyến phiêu lưu kì thú? Dù văn chương lai láng hay chán ngán vì bí từ, bạn sẽ vẫn tìm thấy trong bộ sách này đầy đủ bí kíp để rèn luyện và chinh phục mọi thử thách của việc viết lách!  Mời các bạn tìm đọc bộ sách CAO THỦ VIẾT LÁCH: -  Múa bút viết tiểu sử -  Tâm sự cùng nhật kí -  Xuất khẩu thành thơ -  Trổ tài viết đánh giá -  Tung chiêu quảng cáo -  Trổ tài viết phỏng vấn -  Tạo nhật kí đọc sách -  Thử sức với truyện tranh -  Sáng tác cổ tích -  Cải biên cổ tích -  Luyện viết bản tin -  Chinh phục thể loại du kí "
https://nhasachphuongnam.com/vi/cao-thu-viet-lach-chinh-phuc-the-loai-du-ki.html,https://nhasachphuongnam.com/images/thumbnails/213/213/detailed/214/cao-thu-viet-lach-chinh-phuc-the-loai-du-ki.jpg,Cao Thủ Viết Lách - Chinh Phục Thể Loại Du Kí,25000,Thiếu Nhi,Bìa mềm,17 x 22 cm,24,Cecilia MindenKate Roth,Quỳnh Liên,NXB Kim Đồng,None,893524485821,"Bạn yêu thích viết lách hay mỗi khi cầm bút lại thấy bí bách? Bạn múa bút thành văn hay băn khoăn mãi không truyền đạt nên lời về một chuyến phiêu lưu kì thú? Dù văn chương lai láng hay chán ngán vì bí từ, bạn sẽ vẫn tìm thấy trong bộ sách này đầy đủ bí kíp để rèn luyện và chinh phục mọi thử thách của việc viết lách!  Mời các bạn tìm đọc bộ sách CAO THỦ VIẾT LÁCH: -  Múa bút viết tiểu sử -  Tâm sự cùng nhật kí -  Xuất khẩu thành thơ -  Trổ tài viết đánh giá -  Tung chiêu quảng cáo -  Trổ tài viết phỏng vấn -  Tạo nhật kí đọc sách -  Thử sức với truyện tranh -  Sáng tác cổ tích -  Cải biên cổ tích -  Luyện viết bản tin -  Chinh phục thể loại du kí "
https://nhasachphuongnam.com/vi/cao-thu-viet-lach-tro-tai-viet-phong-van.html,https://nhasachphuongnam.com/images/thumbnails/213/213/detailed/214/cao-thu-viet-lach-tro-tai-viet-phong-van.jpg,Cao Thủ Viết Lách - Trổ Tài Viết Phỏng Vấn,25000,Thiếu Nhi,Bìa mềm,17 x 22 cm,24,Cecilia MindenKate Roth,Ngọc Thư,NXB Kim Đồng,None,893524485820,"Bạn yêu thích viết lách hay mỗi khi cầm bút lại thấy bí bách? Bạn múa bút thành văn hay băn khoăn mãi không truyền đạt nên lời về một chuyến phiêu lưu kì thú? Dù văn chương lai láng hay chán ngán vì bí từ, bạn sẽ vẫn tìm thấy trong bộ sách này đầy đủ bí kíp để rèn luyện và chinh phục mọi thử thách của việc viết lách!  Mời các bạn tìm đọc bộ sách CAO THỦ VIẾT LÁCH: -  Múa bút viết tiểu sử -  Tâm sự cùng nhật kí -  Xuất khẩu thành thơ -  Trổ tài viết đánh giá -  Tung chiêu quảng cáo -  Trổ tài viết phỏng vấn -  Tạo nhật kí đọc sách -  Thử sức với truyện tranh -  Sáng tác cổ tích -  Cải biên cổ tích -  Luyện viết bản tin -  Chinh phục thể loại du kí "
https://nhasachphuongnam.com/vi/cao-thu-viet-lach-tung-chieu-quang-cao.html,https://nhasachphuongnam.com/images/thumbnails/213/213/detailed/214/cao-thu-viet-lach-tung-chieu-quang-cao.jpg,Cao Thủ Viết Lách - Tung Chiêu Quảng Cáo,25000,Thiếu Nhi,Bìa mềm,17 x 22 cm,24,Cecilia MindenKate Roth,Ngọc Thư,NXB Kim Đồng,None,893524485819,"Bạn yêu thích viết lách hay mỗi khi cầm bút lại thấy bí bách? Bạn múa bút thành văn hay băn khoăn mãi không truyền đạt nên lời về một chuyến phiêu lưu kì thú? Dù văn chương lai láng hay chán ngán vì bí từ, bạn sẽ vẫn tìm thấy trong bộ sách này đầy đủ bí kíp để rèn luyện và chinh phục mọi thử thách của việc viết lách!  Mời các bạn tìm đọc bộ sách CAO THỦ VIẾT LÁCH: -  Múa bút viết tiểu sử -  Tâm sự cùng nhật kí -  Xuất khẩu thành thơ -  Trổ tài viết đánh giá -  Tung chiêu quảng cáo -  Trổ tài viết phỏng vấn -  Tạo nhật kí đọc sách -  Thử sức với truyện tranh -  Sáng tác cổ tích -  Cải biên cổ tích -  Luyện viết bản tin -  Chinh phục thể loại du kí "
https://nhasachphuongnam.com/vi/cao-thu-viet-lach-mua-but-viet-tieu-su.html,https://nhasachphuongnam.com/images/thumbnails/213/213/detailed/214/cao-thu-viet-lach-mua-but-viet-tieu-su.jpg,Cao Thủ Viết Lách - Múa Bút Viết Tiểu Sử,25000,Thiếu Nhi,Bìa mềm,17 x 22 cm,24,Cecilia MindenKate Roth,Ngọc Thư,NXB Kim Đồng,None,893524485818,"Bạn yêu thích viết lách hay mỗi khi cầm bút lại thấy bí bách? Bạn múa bút thành văn hay băn khoăn mãi không truyền đạt nên lời về một chuyến phiêu lưu kì thú? Dù văn chương lai láng hay chán ngán vì bí từ, bạn sẽ vẫn tìm thấy trong bộ sách này đầy đủ bí kíp để rèn luyện và chinh phục mọi thử thách của việc viết lách!  Mời các bạn tìm đọc bộ sách CAO THỦ VIẾT LÁCH: -  Múa bút viết tiểu sử -  Tâm sự cùng nhật kí -  Xuất khẩu thành thơ -  Trổ tài viết đánh giá -  Tung chiêu quảng cáo -  Trổ tài viết phỏng vấn -  Tạo nhật kí đọc sách -  Thử sức với truyện tranh -  Sáng tác cổ tích -  Cải biên cổ tích -  Luyện viết bản tin -  Chinh phục thể loại du kí "
https://nhasachphuongnam.com/vi/cao-thu-viet-lach-tro-tai-viet-danh-gia.html,https://nhasachphuongnam.com/images/thumbnails/213/213/detailed/214/cao-thu-viet-lach-tro-tai-viet-danh-gia.jpg,Cao Thủ Viết Lách - Trổ Tài Viết Đánh Giá,25000,Thiếu Nhi,Bìa mềm,17 x 22 cm,24,Cecilia MindenKate Roth,Ngọc Thư,NXB Kim Đồng,None,893524485817,"Bạn yêu thích viết lách hay mỗi khi cầm bút lại thấy bí bách? Bạn múa bút thành văn hay băn khoăn mãi không truyền đạt nên lời về một chuyến phiêu lưu kì thú? Dù văn chương lai láng hay chán ngán vì bí từ, bạn sẽ vẫn tìm thấy trong bộ sách này đầy đủ bí kíp để rèn luyện và chinh phục mọi thử thách của việc viết lách!  Mời các bạn tìm đọc bộ sách CAO THỦ VIẾT LÁCH: -  Múa bút viết tiểu sử -  Tâm sự cùng nhật kí -  Xuất khẩu thành thơ -  Trổ tài viết đánh giá -  Tung chiêu quảng cáo -  Trổ tài viết phỏng vấn -  Tạo nhật kí đọc sách -  Thử sức với truyện tranh -  Sáng tác cổ tích -  Cải biên cổ tích -  Luyện viết bản tin -  Chinh phục thể loại du kí "
https://nhasachphuongnam.com/vi/cao-thu-viet-lach-tam-su-cung-nhat-ki.html,https://nhasachphuongnam.com/images/thumbnails/213/213/detailed/214/cao-thu-viet-lach-tam-su-cung-nhat-ki.jpg,Cao Thủ Viết Lách - Tâm Sự Cùng Nhật Kí,25000,Thiếu Nhi,Bìa mềm,17 x 22 cm,24,Cecilia MindenKate Roth,Ngọc Thư,NXB Kim Đồng,None,893524485816,"Bạn yêu thích viết lách hay mỗi khi cầm bút lại thấy bí bách? Bạn múa bút thành văn hay băn khoăn mãi không truyền đạt nên lời về một chuyến phiêu lưu kì thú? Dù văn chương lai láng hay chán ngán vì bí từ, bạn sẽ vẫn tìm thấy trong bộ sách này đầy đủ bí kíp để rèn luyện và chinh phục mọi thử thách của việc viết lách!  Mời các bạn tìm đọc bộ sách CAO THỦ VIẾT LÁCH: -  Múa bút viết tiểu sử -  Tâm sự cùng nhật kí -  Xuất khẩu thành thơ -  Trổ tài viết đánh giá -  Tung chiêu quảng cáo -  Trổ tài viết phỏng vấn -  Tạo nhật kí đọc sách -  Thử sức với truyện tranh -  Sáng tác cổ tích -  Cải biên cổ tích -  Luyện viết bản tin -  Chinh phục thể loại du kí "